Voltage,Temperature,Humidity,Anomaly
1.9853267883803378,42.13092734837254,91.70126920196783,0
1.6263603382752339,34.129741648606384,29.56097503833025,0
1.3337479292278605,41.22926032973169,54.27157614654583,0
2.1473098547753784,50.63221868387743,24.589264214347633,0
1.6019068673455703,54.176879591524475,73.5472428244935,0
1.1964758475798964,53.54273143408117,25.66523921896443,0
2.369023450440628,56.467058409042956,86.82779373454083,0
2.7689161848152324,76.45928035030148,78.91296883576734,0
1.7690259467111376,28.987600261788767,80.18205711883809,0
0.8833785077902006,32.23870390822888,84.98024875635154,0
3.6046073826213516,95.68847165087189,100.22612533124968,1
2.4894816735902525,57.88866050732772,80.98898562848925,0
0.9272189684751646,61.613343463032116,94.57932541220643,0
1.8567402078956212,44.89709015254644,94.05365725327239,0
2.114793103329003,78.79029120067042,58.62292871160366,0
2.478947609314621,37.29722638071025,75.59119221940287,0
3.4720828598551132,117.63436653221686,100.29655991220594,1
1.1999477341507103,48.30231376730045,88.22025427864907,0
1.9422597115658977,25.673235113535355,56.65066644837856,0
2.9246970667690975,32.66838668966429,50.37639488394019,0
1.0930669793399863,39.23642248836953,64.98081153340034,0
2.6544640525337933,46.31217996020385,78.34919919245412,0
2.8681214434596467,49.784533411365274,61.194209434443565,0
2.079593030424498,51.66227991628101,77.40700837355553,0
0.7896726488128243,61.778999424182246,64.63673743586227,0
1.2215763831006394,39.19124665918641,65.60504330941737,0
3.8063046603220276,95.71829257044841,100.96684549979929,1
2.4496888646440595,44.508768141671105,42.29277890076281,0
1.4522271415775538,55.50643660818747,76.40857891288167,0
1.537048755844163,20.345798665408672,84.87466432146789,0
1.3673830047405693,89.76877976970837,74.27452205375619,0
1.1630059192043136,65.86693864473152,53.08467220685875,0
2.7831013813911785,38.186250674491184,89.34857617401123,0
0.8859067881855058,25.996077471750137,97.47840814309092,0
2.7871609755511213,67.46113067913444,61.34788199857495,0
0.6019378538869098,44.82355103485436,46.42639181061264,0
1.8427663545463695,62.112827410243185,96.34697348344618,0
0.7938156169427621,83.86543419316837,81.13649280268235,0
1.5473136237613698,82.06229506683266,72.64444767267831,0
1.4954217339773583,27.07320677074527,91.88550836449697,0
0.9767193016591664,76.10759783180927,52.90385012040644,0
0.7120942852129798,38.03780219578496,82.77168401731504,0
2.6392411702657146,71.62036381050399,67.01540231754885,0
0.7830951146018881,65.51407646787074,24.952480108127403,0
2.9396301986563365,73.92851924654553,45.02417248833461,0
1.5259573075890742,68.45935951624966,95.68780492943104,0
1.8858851312785017,47.831607857395596,70.13903058706137,0
3.1949601544533897,100.61537627294862,100.43766132814821,1
0.9530826654141504,24.209963982054965,30.620375223241627,0
0.8760422277588205,85.37125122695335,52.470664945978115,0
1.9386854446896975,60.73799813400792,79.1572806201012,0
4.591860131981976,117.66639971502545,100.16732130400106,1
0.694336592412462,37.40999908113409,22.90098763756487,0
2.2601994202480586,47.570508395791094,20.92482224774142,0
2.9140800826863984,32.017550009381246,84.12981325912087,0
0.5659174362431301,85.5623984606473,30.38764047194055,0
3.18340989102171,105.42865571223696,100.838997327718,1
0.53250480877684,24.9879709435681,81.14531887406824,0
3.6696210023739484,113.37718041837962,100.66304719180343,1
2.1716080498110775,54.773680120141854,31.754881583004135,0
0.8438023603649831,86.49728287651577,86.51275177655289,0
1.2534446854103551,78.94233060634949,80.52315869085132,0
4.2987514014354105,118.56331594668357,100.33561045426984,1
0.8676837023225948,76.5492159358881,44.1987664034788,0
0.8523105624369066,70.33321336289718,23.41072512796392,0
2.123025755290159,34.746353230396664,67.55195105019538,0
2.6460318796075297,31.723780758134883,56.368303424952174,0
2.8318212083850334,38.88247280618927,58.990179846869374,0
2.7192604568957495,75.27889549997354,67.27024125952295,0
0.5838310868394485,89.45106103763189,51.82698932797833,0
2.4005696497242166,81.60553612930208,24.934149895906643,0
1.3058846124368073,24.73287945145504,87.46299538947835,0
2.064649789285591,63.16552201645166,85.43169094254026,0
1.0940938599809993,53.59129342127362,70.25801181195038,0
0.6161260317999944,38.05213798032416,43.132940899376216,0
0.6130466752654735,57.18186696007224,98.43253028092656,0
1.0589895962986315,32.57781762091694,38.75724400160969,0
1.2024079739805758,29.16115625028449,46.17641356114101,0
1.4365315365661782,84.45934934709808,59.042783332773695,0
2.525283486697952,88.68303246191964,61.03148290081105,0
0.5270941287007459,76.12096581488544,87.80899246713055,0
1.1099741084477088,58.56001594263975,40.55246548600204,0
2.7380170942179984,62.723364831764286,85.30988141957751,0
1.764721697211165,47.906411944061915,63.64757642522324,0
2.902675793673638,20.772188510005304,70.88778849659735,0
2.556501401649146,44.21181398670697,36.09755027108744,0
2.0688952002101586,38.06934028907892,23.606250894688316,0
1.2303616213380453,82.61865588258641,68.58602447507047,0
0.8574792051320896,58.87544856563419,78.71226269979667,0
4.983523012972019,119.80439544726596,100.78063171742556,1
1.4159046082342293,75.98986791631206,81.19606867038524,0
0.9223376576804114,56.33572495953526,46.90772915992204,0
1.0324104037722768,65.58630839290444,53.34070655008348,0
1.3019501624293395,36.71440020378117,34.57362399755751,0
1.4363502971184063,34.552037860221915,95.56361046565893,0
1.8730666617653011,86.56044935752873,83.48467929988128,0
1.9290317236747496,68.66011878333157,58.18918744187858,0
2.3651121981635583,63.607660849443796,90.50933990643284,0
0.6662406684169437,59.360777111453686,43.65225148136282,0
1.425396750638611,59.601237479705375,29.06674087766818,0
1.1366016369094096,36.35984573373031,86.91053948235778,0
1.2339796106612333,40.09266932224389,46.086990124848306,0
2.0723571169497097,59.175407844083985,22.62195901043167,0
1.7360507617564536,35.344979115063104,39.10961243244828,0
1.3954067950821012,32.400485261317016,72.81723909111021,0
1.8434890073448071,68.45129391858924,49.808126263092234,0
0.9547002109978621,35.9088739084206,54.011817738514395,0
0.7033719516047494,22.145675154406426,38.92130342285351,0
1.2774558042891555,70.97321293425223,32.64565916141127,0
2.5091801922477863,32.64027415891334,90.00946665674088,0
2.01678761595714,55.429930398817085,45.089356825628215,0
0.5898556844918552,85.60599410655158,59.327188134708926,0
2.5414985986789427,30.66912093312922,31.28517269676625,0
2.493238414448884,75.3021305414943,37.85629082746398,0
0.8360366923474356,44.849741408235616,95.52772434534272,0
2.6930013520327707,36.42494572988175,85.89742316305339,0
0.6295588420560673,42.63600934808645,80.3976957777227,0
2.576548519469323,89.58975528548173,21.51017145995136,0
1.1770806281551855,89.79871501103977,97.69819634450255,0
1.292305012890694,67.60985402322103,94.7101536130223,0
2.207516933540892,22.773317774385,87.60324345355713,0
0.8189507569889094,34.84313879357586,30.996539406309942,0
1.4932182264009182,76.41477800823348,57.63852192115954,0
2.1499601150854475,52.718105787490884,26.367519586812847,0
1.6563367903328698,39.94110313733459,29.174977855841522,0
0.685111629335226,23.599806943897526,60.16048320638612,0
1.4946389976143541,64.93800503102862,82.45027374771591,0
2.1588434300417765,71.35300663929814,28.32382885781766,0
1.8004087527799835,54.80223348058991,70.25158766635383,0
2.080764576483949,88.88584284395066,52.382486286006774,0
2.9247859945365082,22.910100133527447,68.0245119131656,0
1.0128491012050178,88.31116284370377,80.63784265291554,0
2.848747353910473,32.27598950364147,88.04822971271145,0
2.4591325318528576,71.69144464759285,86.80274467620264,0
0.7528066903069757,89.74337412397193,87.32884607690333,0
1.560326678255965,50.76581820430371,20.01064074735434,0
1.9839811338851217,76.41947848426108,40.48745688805046,0
2.932526386881114,26.08907319379871,77.73485623347764,0
1.0552695261768257,61.738891493743715,64.35728244880238,0
4.444670565508302,92.04454573045136,100.27407158934219,1
0.9334339882368871,61.06259242228319,37.992229152153556,0
2.0293018655858805,39.1950641644069,33.11043672836701,0
2.245404285049363,31.69293355306649,83.40426868680521,0
2.404049038321794,48.13516395264695,53.27859621023169,0
0.5634658891508622,75.08323703787066,90.32698520825778,0
1.656699464174016,57.79699911963917,72.02470073793434,0
0.7800972554201309,21.654701023243547,30.32153516205357,0
2.6839465602669432,33.70445899784823,59.93095431492554,0
1.6716516049853156,49.520464881141876,54.003765415358224,0
1.0662394379948448,21.251175431338968,60.92822253286642,0
2.8511464608822856,77.72766761476043,87.1986685694499,0
0.5363616641697049,66.04917132221252,58.39403901001064,0
1.3721706663574882,43.31013391407386,69.50080837636361,0
0.9017034331488891,26.68747196842677,23.117303098381047,0
2.813921282266941,35.12267277567197,41.81739506785106,0
1.430045214481958,59.72785937830907,72.98785264056089,0
1.1148943209612703,66.72849295040294,51.215881717881174,0
1.426180256978455,44.61358810677441,79.74087550206397,0
1.4106746526201888,57.352178270881495,37.21351178614422,0
2.014437048392218,74.63678606707032,69.24907069459576,0
2.3061302881537635,25.329160164321014,47.611003394858685,0
2.8234399728189645,89.14498641504211,56.551372800166085,0
0.9263103092182288,78.44511657595095,67.54864558126945,0
0.88214784796083,49.66167775541339,35.90365651797222,0
3.132200563290204,118.84393252775797,100.41656582848229,1
0.7280152576217259,81.02484966145411,27.626223145439823,0
2.9915920926847637,54.21926061798441,67.69984078300163,0
2.909049942723132,79.54072103659693,62.93951917006904,0
2.4881682796497255,57.50793791311569,95.6383935040096,0
2.6676807964502594,64.22694689116679,36.18562065790629,0
0.9307996780040746,52.44458306604007,22.01037303255432,0
1.8315431661375579,32.68045446742762,50.455440474216864,0
2.197755797861224,58.515857950938326,35.37528309968488,0
2.7180318564408164,37.24814232673748,77.39047549392738,0
0.5982803496027473,76.90900171012655,74.37366462663873,0
2.742775649881443,33.05067835009782,25.447683292157272,0
2.002787529358022,38.15964034019048,33.754637491392664,0
1.1232305728721874,66.11483566975022,35.99596425305376,0
1.9747942171365827,23.374842720238924,23.455386712406842,0
1.680167362774998,54.149783074845374,87.17749208847174,0
1.2121012359436691,82.0184423765331,82.30058220912011,0
4.843223101950781,93.95230680553657,100.92099452109657,1
1.9591402796271802,50.162126656326414,37.30643591904676,0
0.7173007202185593,86.598233954466,41.34956767833188,0
0.5414695723196403,36.35254257349369,85.70406645038611,0
0.5635478168602379,86.51661476745618,48.07538092617341,0
1.098904726667431,57.02559938190484,37.42834426418569,0
2.7250133545439157,87.40944027012962,22.146226276819228,0
0.9662962759996356,27.733187919197626,48.61659989053078,0
2.2701814444901136,46.57846857170868,27.77325632735839,0
1.1046307272511293,36.21701909684104,77.63115006353934,0
1.32166136342479,71.21126652287323,42.24017467477947,0
4.0002386739560984,110.21058633933097,100.66101425424732,1
0.6896583202716597,47.732088412647876,49.32262145157258,0
2.377177669478743,64.55011746805457,63.18520939483529,0
2.018862129753596,29.75492518509769,97.4176560193492,0
1.7768682564439144,78.02408319054742,25.1234339641545,0
2.4740453569863847,31.168127607923182,62.71517965494792,0
2.0335379898394748,34.40888470257378,60.0855431587069,0
4.051146785193945,99.19238591321272,100.94709066710853,1
0.8116567030081672,74.65331102479078,39.49908566695028,0
2.741913561566063,31.760994542140438,96.15827892607558,0
1.8192527727157497,37.30617520822239,95.09195315431008,0
1.5724850684375458,27.31974882340802,88.30052515229093,0
2.131865269629687,64.56687775170451,29.825103521040308,0
1.9966462104925915,60.81290926787845,43.42631092172476,0
1.4077057409965876,48.771992886469334,69.47251139226404,0
1.9890968515196108,65.56141583330358,89.79371627589879,0
0.5785729642168356,32.959305018703375,63.783894616429315,0
2.5209933702911527,39.061512856355826,71.8618099791887,0
1.9770831514225269,69.57204620516971,50.05318059309742,0
2.850575603562394,24.494625595259386,55.5777273335276,0
2.5531432616800322,77.22147959438341,93.40901623691646,0
1.9023449288384657,59.94268226471808,89.02218888384125,0
0.7926675410690147,54.87370015171973,43.69360980905179,0
1.5259920674741538,35.171786006354296,62.13754367246364,0
0.9427766985176224,61.46854492616623,39.82636624588354,0
1.313325826908161,71.66235314984593,77.55076349576744,0
1.482744311666901,48.59172491494891,97.52247014928248,0
0.7602714549614347,64.60410337657963,49.948429845082956,0
1.7907508707529882,67.83067636245536,87.71716130290149,0
2.1028690822132434,68.64657622317232,71.17757823325175,0
2.7430393948833167,65.4752654294658,32.55374524587893,0
1.6836794269514141,74.36177969542192,62.722706643858004,0
1.5846291230949325,79.13482596818213,44.83365894151612,0
2.745135723601784,36.8841020319679,24.13604659481032,0
2.6803097723603786,24.772061656984548,81.2523458818477,0
1.4730041968354077,69.98608524926995,42.12294903448867,0
1.9251529252234123,81.02904694216625,71.42690390492538,0
0.996789203835431,85.57808175273306,36.86739793854308,0
2.179731858996821,83.12333944947964,86.00293783363335,0
3.497452384275063,96.3979410348471,100.97025710972606,1
1.2615344229334267,21.28734735832267,30.119563962929803,0
1.1212228495361645,84.35743812500921,23.967854905653926,0
3.3792291482175987,98.2790401146067,100.50889055559105,1
2.7301163879427834,46.08819619086198,40.265874933095574,0
0.9545624180177515,58.643302659638614,26.49156173063776,0
1.563591096541042,89.38791955915318,36.0546241958009,0
2.3205408715296487,63.9253824252859,82.06647782833832,0
1.9644389531836581,54.41161827190058,47.48737151499117,0
1.0931227187420003,60.60603454864678,52.476552605455815,0
2.091026028159451,57.93306631648507,20.413139469890105,0
2.63045375079635,63.24930681408497,92.1496688585227,0
1.0395525687421079,87.8214498699984,70.132010986474,0
2.8722138431333333,56.79831276118801,79.09778117493303,0
0.989957156047863,23.287617674253852,56.38262028465706,0
2.4997902134329735,66.15477455440478,46.65029819475832,0
0.6021715406661972,80.43335547002776,70.31528307892472,0
2.9921856296148683,38.186924612152396,59.5316905111059,0
4.563300602338482,106.12232952292268,100.5225101810856,1
1.3051979139579457,27.48138461663207,62.794680180390316,0
0.5607899160786346,54.660256890978204,31.94849947005983,0
0.5917080072264947,76.21181284828644,44.80337067281087,0
2.1803388685146965,73.70318022517888,70.76265076328013,0
0.736107401889821,74.5895692225345,33.81563353690079,0
1.7379422752781755,58.792460176105536,54.13407375259148,0
2.638651460027518,80.50507748877459,26.273120186799332,0
0.85021003809131,43.45831979813993,83.70588576139431,0
2.487028258854121,70.63940795820095,35.64971298801947,0
2.424983882746527,88.14422784241778,65.62987590461145,0
2.4274179498864026,45.26817278580188,63.85171099488061,0
1.597837271425546,89.47384515108627,79.52080585830055,0
2.7313974962249445,84.08418083116293,50.93053015604852,0
0.7341869195702312,80.34893320858154,94.00897450061426,0
0.7765793423880181,46.6436305433606,52.00311286767775,0
0.7137713271361702,20.84759326644212,81.06079706821309,0
2.289930572118494,68.16942942605795,49.05509303273608,0
3.474158838461514,102.87295008269354,100.50479559830453,1
1.7302907326988455,75.84695542010442,55.26714179572499,0
2.738808071240501,80.967838662226,92.5280476237329,0
1.8336527299408039,41.38670174606165,43.66568855835604,0
1.0716070137586569,67.08214827575884,26.334221112470374,0
1.3526658776256464,75.04415100908864,34.702012009855906,0
1.1998347423648572,86.05311441173193,53.00311736273287,0
1.7315627607271478,81.13962666571624,65.17001581181745,0
1.5791488655741985,35.96558403642527,65.85694047850198,0
0.6584374261819194,24.859668992226535,35.83748672674382,0
0.6407581892045934,39.37794580645361,45.038780435498424,0
1.6478393905956532,77.24839513225152,84.971367519794,0
2.6916340066458626,22.12709417877858,77.19387138182141,0
3.2436495771718263,101.77999792566796,100.04242229820689,1
1.3073911823531148,51.21318944637238,91.58531712649554,0
2.146734079047363,28.211573227367616,76.24910760613167,0
0.6136159508536447,74.14311879806205,96.751082581183,0
0.946361655135834,82.65824184945754,21.526882842490483,0
1.1966161605915286,21.4888587595271,54.287529927736145,0
1.1256072454114883,39.12816688987465,89.71089310417976,0
2.462939903482534,21.57285158240822,61.893868526683505,0
1.633222086870069,79.10499579177312,89.53238229579732,0
2.5811066020010545,63.69042354943938,40.93866783767532,0
0.9065423483622282,53.22416130248697,51.36418825773814,0
1.6805373129048733,77.33716223719398,98.35298615659971,0
2.6933483834524523,81.53828152935154,58.154540894743064,0
2.3834454631473543,45.97271340892219,85.67850763647108,0
1.5435275078719475,22.59053443008448,65.81871920682238,0
1.5490001560694748,88.87843535718798,89.67229290606687,0
1.912102833156541,27.681533907425244,36.74753032119399,0
3.3551222167143235,103.66181150329422,100.85653722374792,1
2.3686773453343912,41.51029754484006,95.51758748747022,0
2.771126403334071,80.34101375908358,69.3579251603628,0
0.7901816012672906,22.179385801915796,61.66457014769143,0
2.802104706543431,52.18602966385241,78.53142043601365,0
2.341110589061807,27.396527898322073,60.379201999741156,0
0.818721655829956,80.76396830752152,45.398160398582675,0
0.903053218135011,89.13676055976529,89.25541018442784,0
1.1294557395634104,75.35062153872744,46.4048271769888,0
2.816469062903736,73.3599594343631,82.32982763374267,0
0.5126539596155467,68.72144326376545,25.163926447586434,0
2.203756805559823,57.80083402231574,90.55412621043779,0
1.9361827829497797,32.271205965036174,83.5505394066809,0
2.7563822666989166,85.53485723705829,28.74692687277894,0
2.950081438213693,28.41463387594259,87.74742467524142,0
2.1021868620080366,46.12762541405381,33.18195593420147,0
0.7429412344269213,22.04730981241914,63.08911768314553,0
0.8747935683719344,41.32753973686285,70.59760733189168,0
4.5880769852673895,97.63162660850466,100.71262133309851,1
4.282585918975394,107.7365549951113,100.75900528252193,1
0.7996634183342071,36.100618610139215,64.29214745887751,0
2.532252522825194,51.83178989437013,40.35097040636403,0
2.267143359619043,22.182819454289927,77.8913220365338,0
4.925191253475079,105.7006927008932,100.05166872165796,1
1.214280215704652,70.1077475277462,66.74407582219972,0
1.9947499470277128,49.31393674244512,92.5951961575248,0
2.964126135276502,89.85538773733363,98.86945340004303,0
1.8241264458900162,89.38180382958836,54.51120550659918,0
1.8566115867689414,24.748594137362034,71.88562827321923,0
2.835917536922537,64.85784202831444,23.701300773680646,0
1.0308477766956905,48.65881565338683,21.654651921442113,0
1.4371764488092602,29.209737958908185,69.87329669426711,0
2.2680965857834963,87.6075512807254,69.7350580544472,0
4.702934361698465,115.79587584697812,100.23497340499596,1
2.8207964064693134,81.50409904486105,77.10232995347022,0
3.3798757841300437,116.136340280674,100.19524060295649,1
2.256210209967773,55.52274136325853,40.43104595615506,0
0.6286968781249733,80.90692117306509,45.927227535135614,0
2.9239615694113965,62.03618023035574,42.58663634989365,0
2.3749011759979446,35.06413104120662,49.127866498318824,0
0.7327569195147481,85.99122418945879,80.47551902029767,0
4.0197464324493835,91.84592314571267,100.39319520102792,1
1.6038262534334424,32.748254098208946,43.79995560004003,0
2.6052973078392716,30.38402406734622,44.440444711159785,0
2.050331494503842,25.144772313100887,42.17397402576197,0
1.8588821527849715,77.824734117677,52.195899451562035,0
0.933004674775038,73.96452912508364,76.10918109124161,0
3.2448545141497727,116.92873477346427,100.38051770986989,1
2.1629930517405,66.54382071410527,43.27493231134926,0
0.8797567337807359,51.408553583577145,74.38399646087882,0
0.8791871993318779,62.04160333524321,82.76672801476914,0
2.0697509737272695,86.88665871684543,58.36158627309243,0
1.4929588240461371,67.61594454458474,56.66351759682681,0
2.4061467143517263,34.59573600501351,38.35836152142778,0
1.6305448522245178,63.06536067617076,50.62425563099612,0
4.891176206278813,102.53726213956256,100.70932082847261,1
2.823822860619565,66.86408686387331,93.18422593167685,0
0.532736141470834,77.9276526896812,43.54612448251601,0
1.1456109707473958,50.49083203690531,83.07204690094986,0
1.8991008282705448,42.7273148823042,43.328816728174786,0
2.982411990298251,80.9524930890758,67.45143425732012,0
1.0698379063548542,86.09865423794038,82.74158917088965,0
1.678940471375396,57.307045058593474,55.417205374184356,0
3.651958560775699,105.67277932431301,100.69459542725329,1
4.633234432679588,116.88418859710777,100.78620565226106,1
2.955946542271516,26.70001888641132,88.72756361216712,0
4.227765777219693,116.40060942199466,100.86529575890891,1
1.118370254357994,69.32765339156526,49.15518871911241,0
2.441032401854992,68.2625478396086,64.27480984745475,0
2.5546501482258908,67.61597697019039,34.64108418276844,0
2.811734045696407,49.230654304944984,56.19676405229352,0
2.3142987709709,80.7789896359281,47.272628281333674,0
2.5203009489110424,22.759876795795414,49.09645291004102,0
2.76588596273684,70.76803622905956,85.51365714602369,0
1.3129583050668676,54.68439213443389,56.4630404791634,0
1.2974390757344032,27.34511248927224,86.12624889419226,0
1.0731284880816037,25.664349813587652,97.3395080988099,0
1.3379931041147524,36.742607295114794,44.75448548922631,0
0.5762506248476236,24.71454210281402,81.27333622310087,0
0.7970447906701799,61.464523001535355,54.33308090783823,0
1.7028502546370436,82.59336122648827,52.19915247733154,0
2.627841678792142,68.82300231684985,33.09618867289878,0
1.7431212647309637,42.312675205244894,82.00686119180594,0
1.7578406464502192,75.75761036833234,46.48143574229894,0
1.2330269292451614,56.84818626552792,85.52217852384891,0
2.087734127169109,29.18714143776713,56.2819505766839,0
2.8536620219413127,20.813437793567044,57.231686224455004,0
1.5605550231174408,50.703079343271334,72.8668207721082,0
0.7989856148457543,75.95911152782855,27.835069867390057,0
1.6639950453311503,68.15200056105694,28.332422296573817,0
1.958479486915301,84.59300333593761,25.67028869189453,0
1.8314735813789647,33.430712730312,85.37399484639795,0
1.753790736717999,57.79897658010988,88.77569557863454,0
0.9991844553958993,38.80741515694623,23.314146651099264,0
0.7282166919653339,77.03775796225585,91.9508427698693,0
4.520144372533719,104.94581425148726,100.59063783399463,1
2.86191432470607,22.098151291087458,50.32327176055338,0
1.442361073562269,84.89006775470067,80.74489978650364,0
0.7836838031014727,26.258770161858166,83.40882147386112,0
2.23487111116775,44.22698085764499,29.710733598765618,0
1.795824130909342,72.04557794041254,56.279950330159686,0
2.4388190417375264,51.80641341919726,57.310262528875555,0
0.7486034818983629,24.6656428392483,58.93630217134828,0
2.4281758667148643,61.65545514901784,66.63746754624306,0
2.7528950262274723,42.76330449572864,41.868330315513155,0
0.9237318667152312,63.3027964750629,87.14805434697229,0
3.946529113609593,108.14277879449698,100.70369977962905,1
1.4597280534330286,28.93994385446644,26.1342974390568,0
1.6550145091103317,62.43770564256842,39.11260274492683,0
2.804685587557792,46.81969697746482,39.927040593695565,0
1.3134992453981693,26.404078617842842,47.44012277444857,0
0.9091398571642613,51.52596553807296,98.82784759887628,0
1.3658649859149032,55.65954897048528,27.053872437520262,0
3.7613816270197473,110.33141389235196,100.729344794088,1
1.82838657892037,21.721084152116106,62.10928051244505,0
1.8483556047891267,22.37621850100592,52.59712542704128,0
2.239935515234245,35.45387289521322,32.016238374559556,0
0.8900466011060912,49.499718541474856,47.62655514992211,0
1.0247639827389645,20.84845422507253,49.21524722298695,0
2.083824276902237,73.77913897051627,86.34438056521375,0
0.7679300283494401,48.948437106774605,95.92970334719985,0
2.965002659557177,44.215449478287404,25.027631833644747,0
0.7954120690541406,63.270901402268336,44.11954345904177,0
2.9672173415012932,53.32352815393698,77.35241288883834,0
1.0124607385395525,25.935441123206225,61.00355013023435,0
2.536436800578455,44.330006696728745,85.44907465648025,0
0.7257244251360208,49.494990159394916,65.17790942694774,0
2.8403869354019524,31.102357370515158,56.52134931904797,0
3.5336471906380282,93.76657904208311,100.98485840276247,1
1.785586096034029,57.914395026260685,96.51061342995632,0
1.8568111083689904,88.29271406019404,90.20406734096649,0
4.1345164323205,92.30242767087286,100.58377278051411,1
2.4037765792936807,70.34412447905848,23.803284042289924,0
0.5662782763540546,34.03673086902357,31.21578719111852,0
0.7445854016275038,32.98678609921848,87.79598719941595,0
0.8881006148267813,71.61499541714598,30.791471388442638,0
4.182125581177497,113.36256165970471,100.55270707571854,1
4.722191351238868,93.00122018577167,100.54643031607785,1
0.943598859449307,44.543885184642654,80.51911734628891,0
0.6078997798764403,79.80695653587054,58.52569842107989,0
0.6819075159104838,33.96797156504016,90.49189735303253,0
2.5386535711370852,35.04582650135298,86.4155392128848,0
2.124909826944413,27.488644717887087,55.64790819029806,0
4.584511525919879,101.35651361971458,100.10251596406647,1
2.106048195515789,50.12141264296239,38.95005490771963,0
1.2982840939760372,25.60803924692726,79.56299038414593,0
1.6391418819642825,36.52353243425247,68.2516256149857,0
0.6924497745719824,54.259747455019834,31.76215597626313,0
0.5581798393395647,89.06638152870025,70.7876708946379,0
1.3001240025765295,69.63423636156415,78.4524255405875,0
1.105138178778751,44.54982708161971,93.71595317614106,0
1.7802326457482025,22.94652327454533,41.57259398785218,0
1.3415106954848015,35.86594815588916,65.30878716499029,0
0.7922451017709102,22.531226636733347,47.556822183588864,0
1.8846357110033019,56.03721477507831,59.995018700121015,0
2.974900580974863,56.334185363578925,28.631872614460093,0
2.7996390410319014,24.36042586910439,96.16219490271854,0
0.6526948996371593,65.32322999082221,50.352330325878214,0
1.7585431771371423,62.553356495541124,98.05484132629175,0
1.4004766035281573,63.4640862437234,61.34304086438456,0
1.383380570065132,78.02183561178266,20.6054585792888,0
0.8409286889669244,27.461512121559352,43.30821590467834,0
2.849580309033688,41.218984916173,28.76884980451387,0
1.4192895076485839,76.66612523074147,24.128372463595877,0
4.328271609112068,105.46797427154232,100.74189632695871,1
0.592217368386332,63.11042317276132,60.86425545888714,0
2.2549171931442586,73.27195317514196,97.81418283512913,0
1.840240915860301,31.733345140182237,65.19184282617476,0
0.7519450034435666,68.64873202885798,74.21984853820169,0
2.826893314008912,34.010517097136706,55.317387960707606,0
1.4668383657513435,67.57530978851489,53.94288820637587,0
2.87678576602479,21.85725427116738,78.26316039726154,0
3.224820232013295,112.13698182582846,100.80669351969473,1
2.657758564688984,43.397072357187255,74.42193886195716,0
2.8738015591441055,66.73153698945093,41.75511276617806,0
2.0835021357918144,42.72100809301892,45.19047864736997,0
1.3520088506325445,76.0410689376358,28.768168067865005,0
0.71336866248442,29.106036809144236,51.28166734033394,0
2.2575473972379445,70.73367400701329,85.1789034042249,0
3.133349490396595,104.83010308757113,100.30419871963628,1
1.920771508338679,86.89560487608274,64.25328649348552,0
1.9031929939237406,61.3161466808361,36.11881513568301,0
2.5087023259621213,56.2398150369298,94.12608065743014,0
1.3552043717897686,28.145647851983327,83.47513672045389,0
1.6310987903317336,63.672708540414696,75.60471023911217,0
2.0453206011447396,80.76995780642537,94.39633121789508,0
4.964237889848359,103.33161737769312,100.29004553196243,1
3.6572863604830728,111.83160408578811,100.30394251225503,1
1.771426727911757,71.25574204866928,22.789597040278885,0
2.665440364437338,43.927214618851316,34.63044986152997,0
0.9585112746335845,50.52885703947217,96.4609427527574,0
4.929259865481091,113.06922978136637,100.95222178569759,1
2.24253935248817,78.24939245704194,35.90773878874198,0
1.3902418147446156,44.73949655119027,98.51402272307615,0
2.748936433186421,72.86892943477656,58.52259696370966,0
3.3385454080490415,118.3673461917864,100.00001163475537,1
2.3946152761609225,36.09682241237603,20.995994078084966,0
1.2127379217346177,51.62373751160604,62.89894213265539,0
0.8221993047766231,68.68270446829035,67.4848591772184,0
2.9080563486015283,36.62803274467144,60.476738426117464,0
2.9621029974058364,30.64173971900537,86.30774089612419,0
2.283373964711381,41.791538940920255,67.63248724187747,0
2.7347314576273942,47.788706195199836,26.072103946816917,0
0.8350380711266019,68.26687257220928,91.29381127558149,0
2.039625245130541,63.835422514199074,84.90931491912725,0
1.3918833167339733,47.25069298293836,63.057126592858125,0
0.7870920618480088,70.70371719901189,60.39076151385934,0
2.7408395463027992,25.045903519907135,44.63724477543377,0
2.04563692882574,54.01102314304279,42.850336985839704,0
3.528224409212855,112.87368422706366,100.60155387929983,1
2.386357185211706,69.45330085408308,50.05164336866236,0
2.363598685460825,81.89445243438854,47.43488608341009,0
2.9665989462529385,52.383606971752144,22.738951071392183,0
1.784973722899527,59.69113826906675,71.53104023876324,0
0.8481801816584682,26.134992273468697,25.71300154537715,0
2.623058526235445,29.06604448979629,72.43938520787154,0
2.6934326798198884,31.253192723381574,24.104569626787203,0
1.8076635619227983,75.68149725528104,21.130906935697737,0
2.7733010051969553,78.08192625950412,68.42222701706751,0
1.8718344734164654,77.10831874934325,22.65547441447933,0
2.7661802774113675,74.741966136927,52.16141264092458,0
0.6764218685010746,67.989570106028,27.950360803359132,0
3.5597565476023862,118.28275109459013,100.96703527525615,1
2.5958217617778447,89.06410860711928,85.07944035348228,0
2.02863558858662,30.24617945135744,61.09342149254934,0
3.5685469064582467,103.43235860860658,100.75424825968209,1
2.7633766048901593,53.595718430198644,29.974914583595716,0
1.364168208309658,25.123714663791056,31.26493738247079,0
2.6325236386684003,80.71059406718616,26.456302313995483,0
2.1050791153857196,24.048987359437746,40.67474901513657,0
1.308007330051888,68.74021431146979,83.59413097478081,0
2.674740905155321,24.071465685383306,44.98534182861523,0
1.800170052944527,83.00130492936736,35.60016869893505,0
1.9247242121782913,79.59974704215671,43.32794902978752,0
0.721756334392639,43.887347933830945,44.586182110008096,0
2.239371722461543,47.375707565623244,48.586394363205955,0
4.96426580541182,97.0051984671148,100.70487101004338,1
0.6132600244301113,22.276832564387632,48.2660629607099,0
2.3528016232251474,87.03376991537661,48.33852650794407,0
1.1783725794347397,62.220647662647174,71.83678517680465,0
0.5501779944443159,69.63323832057029,63.74320734328288,0
1.0286200174913616,59.71185537402325,80.19024319578473,0
1.7344889909109769,26.410745132864392,77.91263238634431,0
2.9232563390477475,45.1463358579836,70.09421847873017,0
2.740228249808733,40.81443051607855,20.254242824738014,0
1.4975067596753258,68.65246602009873,41.36106962437752,0
1.8109756733189502,26.865780654897122,37.04351365493987,0
1.6003812343490034,60.35615328599775,37.744633335664304,0
1.7791936052891653,70.13054719562355,97.73703989362667,0
2.9125672766662816,66.3287432894565,57.67063399710755,0
2.150493441794328,50.26343607298213,96.40300260547447,0
2.1440322307508586,82.2123655908284,96.10816030287049,0
2.9992941832153264,56.09172200054752,24.702451327473963,0
1.5087071655309927,85.16640868548845,29.52411489589153,0
0.5359837215743897,34.91732928175583,64.22069900743222,0
3.1025718888593894,107.38747406112994,100.22429348328504,1
1.8667756983581991,81.17230542937607,90.06706711653229,0
2.6786514754692945,84.7673822190966,77.04360411801622,0
1.3970762103087562,84.90244736356169,78.29169196636087,0
0.593370471873036,60.75193221233913,96.19365565816412,0
0.8494309415657237,34.06535820613395,36.645692145509045,0
4.807265148882195,117.85962798452168,100.32529513402304,1
1.8885792640065686,66.6804980282273,74.24060316591593,0
2.08275364318317,55.8881957711556,30.692972499937156,0
1.0158342960144813,60.61206584591326,48.80290452760566,0
2.6936800338176323,20.683959319342858,44.011765698017186,0
0.7102670152874936,88.23552135027482,72.7565699748861,0
1.7565927327629802,54.711301455513954,64.66109011115718,0
0.7212312551297988,56.324239369798626,79.64831237095598,0
2.0154365861272003,26.573050105259288,25.60960549812718,0
1.0040683001193613,26.767351475270374,20.70019952396404,0
1.3772875313801967,66.10954428506133,43.48178680898076,0
1.685434572718313,87.77353995403053,34.805543583708996,0
0.6642715985708809,58.35716422815851,71.93092509144016,0
2.7177160606627933,74.57091314967273,24.50732297094909,0
1.8640419732898375,51.86541043572608,86.47435669369604,0
2.4985259972726066,70.2686153358546,31.1036844386905,0
0.7005843641541055,71.58116214609275,91.84691426404211,0
0.6018220057974253,45.796844060663275,90.33038618840637,0
2.2118279313846982,66.46631693352636,93.60854383519249,0
0.7133741701966096,21.343459377613968,95.5871854232586,0
2.830295706209031,21.80683348646409,41.44134105529044,0
0.8716568193827824,49.130779872583304,23.8066949790704,0
1.252195774541924,63.81239635059064,75.90679384453234,0
1.2046369369335,54.922170741594925,60.499725498459185,0
1.4432104077615566,56.76143685669421,32.17745841110048,0
2.885127568146806,87.89384322750892,79.34306577686503,0
2.3271686880091105,71.14553571674722,77.09384965816005,0
2.359865731431692,54.78744380340812,25.759244994064378,0
1.2361222301739643,69.58540837005243,56.20575068076386,0
2.624118476693529,41.55509591138336,56.04268420748782,0
2.193910904605706,40.741568431919305,21.911149347417066,0
0.6409387416273178,64.73839564708503,70.27570824448915,0
3.675539884783066,115.59322059844304,100.90194019674915,1
2.751045142908326,62.54157564152014,68.20778680873366,0
1.2858899526908167,81.10620851134857,80.11827004221942,0
1.1447570676123495,47.36341971338602,89.29015590043693,0
4.606971460593805,93.06359027002955,100.81712814201559,1
4.964173090404461,111.11492366674005,100.80000348176368,1
2.3152283343066538,54.205023328326604,82.6676466846221,0
4.709415571269409,91.26211560329948,100.4226291970136,1
1.398727878049388,20.44701102017835,33.011801921151374,0
2.4306119232416434,66.45698157538537,84.60504105869866,0
4.582714634784863,109.39654697727893,100.81677946650564,1
1.3449878921288394,43.931051622708026,25.151162709578873,0
2.0692701326785445,38.417879893759,83.85058159072855,0
1.5223823610356746,25.76667319310899,54.78555005109957,0
0.5386415413221686,38.69197891185949,87.95103577460536,0
2.0455451582906528,35.99183189319091,91.32870462016699,0
1.9884625433001095,29.597679401029936,56.15826880758422,0
3.99297770950008,97.40473070592726,100.72898106165582,1
1.8112784739256367,80.39579542802599,77.04931560101656,0
2.4019626215422436,39.05015960609739,83.2056065272336,0
4.641135162873595,107.35814683617201,100.36928077021554,1
2.6161307293362954,81.45820243115486,91.58276916846727,0
0.9073360677035742,28.763005454178533,85.25227880393847,0
0.9450899171743785,73.85134255489379,81.76408520424991,0
2.5246861146365873,76.02495554756531,54.69283551406612,0
1.1193274737528935,48.65338044205301,53.7716853457286,0
1.3475744776217518,36.14688682024311,79.35863179629462,0
4.791268161052428,92.12896893644435,100.86169090378735,1
2.8652886553340817,47.61333949990247,44.934560157304645,0
2.5972452161148354,24.29447389774677,20.301773890028066,0
2.1129319760236247,89.14056728152221,43.599320313513076,0
3.593129388034572,109.98486991911268,100.39655368198996,1
0.6369040970550783,88.85752476843895,86.57424027068384,0
1.756800975231198,63.65099816019318,68.47472502475921,0
1.3218790257187705,20.40310623486851,54.04783242055041,0
4.950969443251078,91.35099038650712,100.84842537909053,1
2.241842913410377,69.17254793808728,36.798905733316595,0
4.920074830007864,107.82257620541418,100.70116986159026,1
2.023910834949742,36.30716323275436,54.77572083848376,0
1.7970951428151802,89.6406422018837,28.049498657215068,0
3.5938194605613827,96.55619542630994,100.71432663573499,1
1.9269457616722798,83.00161863786079,51.740525251691615,0
3.9302921827646795,95.39625716920288,100.1317150285791,1
0.5514612357395061,61.320645976036545,72.16391485640571,0
0.8228985378787375,67.14027033274421,53.096875424810555,0
1.7312942345471598,35.41282413648679,96.78842104089144,0
2.083509391276059,69.3902620760982,55.44023984540886,0
1.8302837131632892,39.083680051347365,42.78402958768091,0
2.9359870191654163,63.2001490622821,28.53403457632462,0
1.6211138049457994,65.05043866375675,44.07533653550453,0
0.9881074694951113,67.8281134561717,68.07365454302087,0
1.106176259086824,67.6782497775488,46.890581236105945,0
2.0265501061040814,60.487084190448634,58.89371292009337,0
4.308313943611084,101.39877538422132,100.93292486256968,1
1.1768616828588845,74.95115806859398,51.21534170130876,0
1.8118910790805947,86.39173148735097,80.76862867921255,0
2.370649225959146,84.89241813574147,50.65095403580269,0
2.7263182018497374,53.84819527039473,43.88432669876801,0
1.9607857798077506,65.97156651789045,31.061903706712098,0
3.755865196139,117.62893351358767,100.46171614381312,1
2.168894346302568,63.36432422067301,32.20232003064258,0
2.802181001329533,20.52940124846995,96.15737516229848,0
1.5704603707932858,75.81982151248496,25.345800590100126,0
3.9733632537650565,103.16399182476209,100.73444393207559,1
1.1469499540000423,34.44948902324222,94.5029911818319,0
1.7113074629775533,27.099457991445156,56.223317701669366,0
1.1079304774986352,56.28856153616429,51.938890033134655,0
0.5455545641288744,80.20856780324432,25.501650704830055,0
0.5719566907833474,67.35593700440725,25.249063704106216,0
1.9671027950521978,77.34322015987532,64.05899727375348,0
0.9807225470216769,46.585004612546086,71.01996851663225,0
2.1136807397679194,53.64106041286536,37.80003746614757,0
1.945700352490435,27.17568095934755,62.557442038264426,0
0.5283841119185477,83.0491304807881,60.87826178864826,0
3.5595972588144895,113.00451135896243,100.56207279440257,1
0.5303861867245409,87.99765658291477,28.233759421859467,0
2.3225179201024684,38.358483100987755,62.836739233856015,0
2.9054313711863546,71.31791156906968,67.96007671878156,0
2.32401544584516,68.18816774994153,20.73719796634037,0
1.8738222058093388,43.58270542397748,57.03266927169596,0
2.0375180667479245,77.80717253953338,24.919575364668965,0
1.1310923608600518,57.74128936726781,90.18389011238581,0
4.0841250026539,109.57784032291774,100.00147382208631,1
4.568969560445476,98.17286915875341,100.23041666211735,1
2.2416270596922305,87.41805781124216,42.45765334127382,0
0.7838939804990726,68.48381665583152,73.61492657713262,0
1.0719954137290562,37.47676062014301,45.827597690708245,0
0.8899863008405067,82.48701977538823,81.19762896331336,0
1.4059847477915828,33.62357582745356,80.12198542981186,0
2.1299031487565014,35.667233037583614,91.60855881420846,0
3.621937248590995,118.44723888136176,100.16303533693159,1
1.1294976472673819,64.86804541417324,59.74363211160707,0
2.108220546105883,75.82913704460317,69.05335683079606,0
2.227344345256165,46.90286530117771,40.48444395039613,0
1.0233733083417758,85.410521876386,21.844815609926687,0
2.178932988981999,78.66807027536771,48.59167927619133,0
2.376536879102146,22.32421761539566,82.28734011701059,0
1.4806101127493307,88.4021928954922,29.717260314775906,0
2.1792517110146417,51.06251535131998,48.02693205504275,0
1.5974285517640903,49.83269115651811,31.116210715851913,0
0.8622371802280577,85.73473889590274,67.25979823103538,0
2.4378320584027864,66.55256721823788,84.45980817852076,0
2.6919140919043736,85.14166502507413,42.199355413788375,0
4.990156658535307,115.23895190940496,100.86264047114918,1
2.495737947416938,74.58917766058005,38.8649006991416,0
0.7544561815510094,77.58300229595748,69.03217790614214,0
2.4224685379512763,29.775587832941902,29.044523407206505,0
0.6961409533556648,51.59709170307728,35.95923780379671,0
2.1099988580975393,82.4459282258164,76.3433437793268,0
1.4266053676672272,70.90183488364156,98.63956377911349,0
4.13849656986136,113.63059958719957,100.38435503852413,1
1.3730239365316521,32.35696224038558,71.89945734510403,0
1.521835427745241,86.87342805527499,35.738006716630196,0
1.5021285419090997,54.09433431732551,73.92676047664878,0
0.5913741696202373,87.17036510247233,84.95221105849744,0
3.4612045345890827,92.08956162156831,100.87141403419085,1
1.8515878040252662,21.548648607029808,32.47843100399249,0
0.9613025483909433,24.21871732026926,32.64196998059233,0
0.7779937057653783,54.0668258997292,89.43933312229912,0
2.8848214425064684,44.34664455315351,64.33660027431947,0
2.0296322368059485,80.79275831285389,36.24929371344885,0
0.799405329548128,87.40488126663058,54.7948666746815,0
1.9514708756951087,45.74315456141027,95.1110439107757,0
0.7441802850159597,84.00091645923493,46.72313297356537,0
0.7043975798721798,21.276280787345314,22.175400869687774,0
2.3376776095097145,42.85229157707943,71.59986045197135,0
2.518600387910156,68.8194187072788,74.95383357324775,0
2.3299848545285125,32.70048045628581,47.90686127166307,0
0.5173803263279768,42.337033127027894,70.74371654651296,0
0.7536788571650803,47.736941323186116,55.52944755359266,0
2.093893678388033,50.437913702262236,39.48763029720822,0
1.4913569558031754,81.49608929109435,74.70693330686879,0
2.857274259781298,25.38672411404464,73.44096704088261,0
1.8920031561458754,72.69016476903488,72.85276464899957,0
1.0606732736513995,57.58820960253895,31.000384318290017,0
2.016072649148975,89.64354758525047,41.484028364161844,0
1.144854069287889,86.13124156039872,30.54491782085956,0
1.9530955535565306,25.559355829229062,88.38059450433963,0
1.409074005948235,24.574943855925966,59.362198898812835,0
1.5456075907265472,27.834373357840953,89.06357945012888,0
0.6676911934710688,57.47170920168141,36.501735196407935,0
2.5718437728798236,37.17443767769247,34.016872788106845,0
2.661805940637633,80.75428061640154,24.039695133925957,0
2.2831119680574874,68.62875295980987,51.71805095304177,0
0.6150066050543819,65.61667777631195,76.82893616716353,0
1.2793051694888706,56.09755993875484,75.85983170406915,0
1.3372640366427153,45.20954852300633,94.86735405119319,0
1.4627443215048133,78.59093298545704,58.291006683273714,0
4.4522733309174924,100.63353996035254,100.17925561190779,1
3.2181861297129353,96.08143139106899,100.8070709038667,1
2.343753120274371,76.97791886542132,59.011309196097365,0
1.8880020289986559,31.692376226445266,59.22043103606868,0
1.2950086874296596,84.70773367635712,68.94755765932742,0
1.6456322262287917,41.72533712465017,47.8376207821627,0
3.1448304328265055,101.35385097513036,100.30293090564042,1
2.5319989181437563,71.98945648399868,87.59999141316561,0
2.5430555005030397,62.93879724474954,77.50720525092746,0
1.5936873050593228,48.48355725060094,64.13274931958361,0
2.4729280965183458,23.038877299837342,24.554158993722965,0
1.8007692522594834,86.12299536318163,66.89920250547453,0
4.198766958898686,113.8389234899046,100.51385446420677,1
1.9128329589730224,29.461640240837593,59.23893840261778,0
2.575549661417479,55.85553445688721,20.783981869099016,0
2.5155031994826533,37.043760760340945,22.445507482628138,0
2.51708684816816,25.500494800851452,72.53380737460363,0
2.87449978322981,60.97480550777265,28.99323308465151,0
1.6270984285103303,63.37115684284807,75.85114250900158,0
2.8458511420525947,52.56439285986027,74.71006209143152,0
2.7256594597272907,51.76526789685475,35.49171930633304,0
0.9703028993094033,56.384176398921234,60.809237647232344,0
1.3091980910106091,68.47053059270587,42.57690088654375,0
2.0605949897849802,69.61212884200836,25.214777687079085,0
0.942526210691867,21.7949446064505,52.36068269672333,0
3.328393735329095,112.96199600689873,100.97307816297233,1
1.8919072325348245,29.55078267897132,97.49800287485212,0
2.5344875492673715,71.54814105459484,43.18561703344161,0
0.820114597394431,47.1990670889242,75.74128314886215,0
0.8910926066777152,65.81578499967947,26.59366271416128,0
1.501907652188315,30.5034065285789,68.01241765796507,0
2.78711475267025,51.484925417492576,96.3177529051655,0
1.7783559971523446,64.38039921697279,89.4869665411708,0
1.1731080773734524,32.70068433869389,62.77120098045923,0
2.4307959793390985,67.82736198027521,20.80036353819173,0
2.300091341365186,32.146716049055605,48.26731264497036,0
0.8903814934154759,42.07848270236089,42.7053581207808,0
1.2738190407158194,22.566999885348007,60.5007503505569,0
2.0935747537455165,42.652715340467886,74.9760303353354,0
1.6519469200818144,47.91759466278303,67.85656070676254,0
3.2099044539496053,94.4365760843464,100.07845581631712,1
1.1835176798267657,86.62682497962673,20.123643310126358,0
3.4149245816582963,96.93572316266123,100.01141798345408,1
1.419457831798133,81.15739799304372,29.3485590829476,0
2.906621036694813,75.63666841249506,90.62518709062176,0
1.471693224223705,25.795906754758853,81.33934827347824,0
0.9040717852365344,81.8650119474398,91.59411186116189,0
1.805608150137011,81.00757643066635,82.63549910367331,0
2.0572261895475004,72.47562822200473,83.03521860965563,0
4.106353475496678,105.98425317156176,100.72705676161539,1
1.4652565945019356,25.071282145619122,97.3492901031972,0
1.4811127685565886,47.95211410665157,78.49761442432802,0
2.655909271866863,42.892321309426706,73.16436316916017,0
1.2792776902235274,29.58199410481651,29.59860872777253,0
2.2524228286478,65.52279804428558,66.86450403848336,0
1.807744610425372,61.50655960044492,25.6036450745681,0
1.2243786322844201,35.484660927372154,44.142733023726976,0
2.7706647149166344,81.22911708789397,26.999433944689763,0
2.0501818898212836,58.76615684986634,61.28355134760287,0
0.9894778369732411,62.00143836835126,73.41802740395929,0
2.210582566280392,28.24257580230988,93.31860758575793,0
2.6637678147349506,58.2688188899849,82.74264234140303,0
1.1934529574528316,31.883053356127853,36.352413696635715,0
2.229737994231733,35.710840028566246,24.949603072973005,0
1.9772323579706046,40.10672941578572,22.06953997403312,0
0.8050955871119471,39.18386544810442,49.401194883163555,0
2.6121882774236362,36.943151110376924,42.06281098789842,0
0.585971302788046,65.59942718463049,54.712994185861724,0
0.9539942920035642,29.276727091929388,66.28331828782802,0
1.7554875258281064,73.22028761854945,54.18560174555667,0
0.8521425509494996,56.89290247381562,20.344698302374418,0
2.5361712064723396,29.974688003105925,74.83789530727665,0
0.801589677751502,46.613693315009996,73.49253053906574,0
1.3187433804447866,37.95939485909547,85.85834699306926,0
2.523402888696284,63.18488428630195,79.78336894940216,0
1.0776869914701785,22.68984442736275,41.13982146150975,0
2.7634549410481593,43.761513477996424,43.08524020648993,0
2.5450369148062326,80.34298556925194,66.46797908892285,0
1.7290396877920808,80.80362175689275,84.70601759507083,0
2.777317961234606,79.0919314278438,26.88032857686595,0
2.48506297317574,85.5870476121744,95.4541013760444,0
2.181296140192596,25.71409874214127,88.94755332572412,0
0.9676093713938084,70.23184359607234,49.65106272564854,0
2.737068376069122,84.00883621474719,86.87463275653197,0
0.5452754595521012,45.727409560407196,31.287200945813524,0
0.6734032521879136,40.416380509651226,45.68321721910422,0
1.2094397644968111,62.76866921956942,55.07945618697403,0
1.2328693256525332,70.14263716438776,73.52583912925729,0
0.9359160725124787,49.94411936151036,94.3136603641119,0
2.975134625260658,29.020890723141164,60.487709252856206,0
2.8062484529432394,58.467067512651184,30.57244067697576,0
1.1921941203680093,82.86213842649909,23.080684993418014,0
2.156305710884955,20.769708006093634,39.0147242347679,0
1.2019309061021395,79.5844839834138,29.013567006146737,0
1.4332732906993824,52.16127378841907,70.9417757177628,0
2.3809363235942,24.224645879339466,28.893850842543024,0
1.746105497322643,64.32059629158157,47.05339032794235,0
1.327245062131623,27.461877719364026,70.26701696436061,0
1.8394367101868963,49.243674751713364,50.322803202710475,0
1.7969765543584153,43.791247463764634,41.315836890128935,0
1.9781885893623232,24.044639269745666,48.4584795852338,0
0.6452090304204987,77.22104932169086,72.24827827456274,0
2.5054924518850994,40.79852009362225,33.020370442625534,0
0.6292043029215193,73.07842371503159,92.29211540415642,0
1.4406489638272895,89.13546946152405,67.31930214599964,0
0.7349548496021725,85.24196738570123,91.82839626306325,0
1.64017496054259,49.764945312846336,70.86843602974932,0
0.5677399812587087,37.82694354322358,28.809464773380835,0
2.2259870715734134,73.54182830794898,55.866128074493076,0
2.8682083490295383,73.53668606320969,76.40225796802059,0
2.916637047609174,66.09162842608978,75.91897268115173,0
0.9548203262381778,53.32126905581366,71.47954107770485,0
2.966288121982449,36.58093912821374,89.54486620976523,0
2.5899503012805147,68.55775580470421,71.68911163367198,0
1.3961643213606816,54.74563730408654,43.506327654186826,0
2.5071336214950284,29.95745580810373,82.32566527030457,0
2.351921544385511,77.25769168833435,82.11597775133862,0
2.1702128414266153,22.9171030421669,96.11644003011948,0
4.907716639687481,114.51547884922964,100.71845394732254,1
1.2023362742184518,40.20856157394899,97.78890942243615,0
3.8375148416412914,110.04230113752841,100.82750631987322,1
2.8765178673438903,58.331466330761536,21.422517892435906,0
2.2400744916874324,81.66095314392498,52.52947778517617,0
2.5563431073079226,76.39691070650372,68.7482547733063,0
3.950579508279795,107.86704649668661,100.97852546838914,1
0.7697285674832611,51.2204041070569,81.91955097434638,0
1.4356769893903008,80.77907537858664,66.04173997159569,0
1.0805317378670432,26.238710248121162,26.999772403604645,0
2.344742291739421,64.696816336486,72.76567990548654,0
2.0507738783836618,66.121982916286,31.228832779683156,0
2.6412246029708055,53.706564605878505,33.72716585772376,0
2.073496595338156,31.446671080951596,40.09693488650591,0
0.513805292809006,71.28004680471753,59.96236274319449,0
4.633595520993277,119.3419293317536,100.05463442000097,1
3.9223504041979917,104.81373626573186,100.02519341395923,1
0.8107430587138618,59.044839215901746,74.33004135201429,0
1.3440379285090698,28.439682004409516,67.67552566111993,0
1.7459194318486992,29.149726371813962,76.33063800011118,0
0.8813476072856534,50.27485148310924,24.292230751009402,0
2.487965486921759,39.15386663971661,41.87545450284691,0
1.9335947203082153,77.21084389737456,96.06201820884804,0
0.9409674662655583,49.82583687232601,33.1892940110287,0
2.9029764095597854,47.47454894846794,70.09722892536321,0
1.636352661919433,87.85886256347013,57.32697504551457,0
1.6849041006571808,66.77489589885113,47.32431939829074,0
3.7947934216966055,102.38128740065493,100.26532613755546,1
2.3888778463576217,79.44369560957236,49.06731935286467,0
1.7566975580721538,21.70805470895766,31.648749609796432,0
1.879767096936214,80.82334891351027,68.39330399924071,0
1.2280728504951048,29.80792230365168,50.173231532578775,0
2.0778465649931572,38.182764863222836,71.67979351645188,0
1.6592460123499553,43.59022235019004,20.434958133673245,0
3.8562100566135555,100.32842970012692,100.37094100815777,1
2.1240822476180368,38.592002981209426,21.72404834526367,0
0.8176512816297119,23.201942366875898,42.68389868868147,0
2.2656055678912406,25.05388862854231,26.23856381307546,0
1.7236319006939076,75.91482650415658,78.117386024896,0
0.8487346516301046,54.120183877465955,29.589527034593107,0
2.588256238973095,71.6307611112224,66.43377950811366,0
1.1003640469454827,45.65230744099785,65.99370098093499,0
4.919800621877587,99.3776632283658,100.54449695910387,1
1.6185309170586366,28.53202653358633,50.76906969729121,0
2.665159723751021,23.99607992625204,75.47844251650147,0
2.1587544227701394,73.07669329928639,81.36013399945932,0
1.940720900417033,41.82712931596817,79.1429734959698,0
1.4962618359934337,73.27167936600992,57.22226401569235,0
1.568852545896374,29.5773041643273,34.85395403461787,0
2.3056314209826656,48.208612513561306,67.67595458742692,0
1.205086431428266,26.150654940138335,88.82515409878111,0
1.731545234982174,58.11423685725947,92.41418363145537,0
2.7463854713176983,84.94265982366491,39.71414978811099,0
2.423732332979842,49.973973044793034,66.50979024837426,0
0.9106644948274824,72.93143302266722,73.46888260973425,0
0.6438969000416107,88.31056790733919,20.97991886590787,0
2.671497820473651,83.63227644659487,75.5080680737558,0
2.727857784245178,54.45944995136244,71.52571650409232,0
2.058245317068895,73.96385426220753,88.99251035300381,0
2.5426801773732,36.236296728118276,41.7856378918572,0
3.114899022466642,99.19188357533378,100.3453419522449,1
2.8751549176270124,82.63716592423694,83.58763537047365,0
2.887163201657985,49.38091218482856,97.74471520388333,0
1.370638667558251,74.76698388407914,77.6047055164064,0
2.526383326954582,28.547693980701876,51.17150997221407,0
2.286489806750156,30.574052424663016,59.91133511255442,0
1.2606056073988443,40.61260316793424,43.340137420716204,0
0.710349912487622,87.83718410985679,39.511325126687986,0
0.9664175601282644,63.67015272736011,57.56813696145931,0
2.0552167505696834,48.28982251557231,53.9645551138217,0
2.36622851279506,81.42226038412662,91.08683430929453,0
1.5315441922785662,29.290102783014227,91.66840742576056,0
4.391278632196705,101.23846135640876,100.49625875288235,1
1.4704248155163047,38.82953831045684,71.44065920565225,0
1.5296022853681714,42.70336271807629,60.32416663133434,0
1.061512057349955,41.43775345506282,69.98423842113948,0
2.259144648450059,53.124693468409,77.78822273688863,0
1.965574580041993,55.17962535244097,83.5127220966491,0
1.9810364221551062,64.34347538783031,83.0984211407114,0
2.566143665269354,57.890743471074934,23.31994933854102,0
2.4714930280613268,51.30417783533849,59.549317177563005,0
0.6844914118384972,51.171367850186584,78.74391937794823,0
0.5115800575115071,28.496945759570025,90.45789944004804,0
2.6518264581408584,79.11845789745493,57.996858301003776,0
1.7631309311196428,23.637989855603067,53.381325836643626,0
3.3675256028960847,118.5769292405739,100.71442416407125,1
1.6717328994874256,87.55830875052318,95.44978040731412,0
2.28044805336884,61.50579543891922,62.06123389974215,0
0.8470679316235253,36.62808916120292,49.589678074589585,0
2.9762628550016834,47.78462933411173,40.56266174771424,0
1.1060243310377005,27.287675456891645,50.5367000390192,0
0.6588958757150591,25.259644721506614,80.12860142640949,0
2.906118237355278,57.7643904662736,24.625523410274358,0
1.216353130320711,41.067449686277136,84.94614968741782,0
1.8960106243395125,60.507278600067536,91.8605187354908,0
2.9236760831884223,62.49658252621465,29.860844303381015,0
2.3878431391840476,35.0972606678402,62.183430331273335,0
0.7087517917466719,22.807643398873772,29.07970676770578,0
2.3056673296391477,30.511830057192917,61.94407659455541,0
2.3148891971755985,35.43403463491227,95.57255506559318,0
2.60457194189568,68.3003423574466,42.02202992074969,0
1.5798625466052894,73.45240559118326,69.34842193948684,0
2.876028710191397,87.88747315549813,58.08124359085452,0
1.0549304048323735,78.86101055981459,60.75309031427392,0
0.9621361388138177,61.81891715192158,71.01905419976129,0
0.9332358001771144,67.63495114522992,68.60854398051436,0
0.6626289824631988,88.90815264924865,66.01138999837247,0
0.6130682222763452,31.639835812925558,86.51788567831485,0
1.0954569526168163,62.975350933204325,52.677771318572184,0
0.9664251472150895,59.756166138684065,66.85050240075594,0
0.686376609199427,59.648324820782804,30.406573102910393,0
1.5365603093175593,53.69409061447266,48.44398680617729,0
3.9701919421067857,97.4402002501063,100.1816139677566,1
2.760396736234371,80.95274152360814,47.11022090064,0
1.441158417195124,22.754047846795675,41.70379051604204,0
1.8068320734549852,84.211950282357,68.66285057055414,0
4.954426264230506,117.32906501960896,100.76554675051587,1
0.7578096720898315,22.211030137794943,97.1672259523421,0
2.929455206802402,42.07032364814272,26.08760405161216,0
1.43895738159986,64.28353251937637,56.65057876817429,0
4.090462490542864,113.98525837236312,100.12786680122242,1
1.389931696628154,82.58694425753941,32.81643905681587,0
1.3764688970164924,89.95896080394665,65.59879105202951,0
1.5677694715656407,53.194995166022466,27.34626054602744,0
2.9247746304049858,38.764454857601336,80.38544031551714,0
2.8242441308564326,86.08415377806293,98.71041267255254,0
0.7751298113191919,87.97407716157575,48.08394782486724,0
4.282452202772768,99.19170036473011,100.3097878592091,1
1.958421912742899,64.20921540647643,55.02702113595583,0
2.9655268611990073,69.47440518198121,46.76999129776138,0
0.9020201285437466,30.772713443789854,58.51812430019736,0
2.8418249718418362,35.27777215055449,88.94568978828354,0
2.7419710247650295,62.24140153669645,90.31766577952087,0
1.3642399837597985,77.57363945440527,55.49862962113172,0
1.422284098924431,37.97435974043556,91.10657145830197,0
2.442867289818592,80.6922047285714,27.41472550104514,0
0.6779716211505724,53.63548630804802,37.94718500485767,0
4.38084756151852,97.9715684739117,100.69720938190963,1
0.5229926290415741,32.17266744536411,79.99246273101913,0
2.968190323287361,51.653931979840465,53.32442610456768,0
2.080660719798826,48.989082677024896,75.50069962124975,0
3.2388549678513288,106.63374202934425,100.15727320817972,1
0.5633768585386438,31.453667483416844,34.55376229980406,0
0.5492763443859103,52.30342252373139,21.160777703741353,0
